[
{
    "model": "auth.group",
    "pk": 1,
    "fields": {
        "name": "Authors",
        "permissions": [
            [
                "add_article",
                "articles",
                "article"
            ],
            [
                "change_article",
                "articles",
                "article"
            ]
        ]
    }
},
{
    "model": "auth.user",
    "pk": 1,
    "fields": {
        "password": "pbkdf2_sha256$150000$FuUBehyr4HYO$VwywGmJHV2Uf5EkxZyMwvysn01DfKdUFLGDy4kloTX4=",
        "last_login": "2019-08-03T06:27:14.171Z",
        "is_superuser": true,
        "username": "mrparalon",
        "first_name": "",
        "last_name": "",
        "email": "a@a.com",
        "is_staff": true,
        "is_active": true,
        "date_joined": "2019-07-14T20:22:34.222Z",
        "groups": [],
        "user_permissions": []
    }
},
{
    "model": "auth.user",
    "pk": 2,
    "fields": {
        "password": "pbkdf2_sha256$100000$Y7NnqE991tAp$rHcMzgdPuPVIFvWlm24aFjHKapsoe/WapWFArVIiuSE=",
        "last_login": null,
        "is_superuser": false,
        "username": "author_1",
        "first_name": "\u0410\u043b\u0435\u043a\u0441\u0435\u0439",
        "last_name": "\u0428\u0435\u0440\u0447\u0435\u043d\u043a\u043e\u0432",
        "email": "",
        "is_staff": false,
        "is_active": true,
        "date_joined": "2019-07-16T16:55:47Z",
        "groups": [
            [
                "Authors"
            ]
        ],
        "user_permissions": []
    }
},
{
    "model": "auth.user",
    "pk": 3,
    "fields": {
        "password": "pbkdf2_sha256$100000$TcnT885tO4zk$r7G7qCL6B6Kxhjip/wtbfwzdTH28XAsb+5cEQFJvfRw=",
        "last_login": null,
        "is_superuser": false,
        "username": "author_2",
        "first_name": "\u0410\u043b\u0435\u043a\u0441\u0430\u043d\u0434\u0440",
        "last_name": "\u0428\u0435\u0432\u0447\u0435\u043d\u043a\u043e",
        "email": "",
        "is_staff": false,
        "is_active": true,
        "date_joined": "2019-07-17T17:49:46Z",
        "groups": [
            [
                "Authors"
            ]
        ],
        "user_permissions": []
    }
},
{
    "model": "auth.user",
    "pk": 4,
    "fields": {
        "password": "pbkdf2_sha256$150000$vv3TX4tMZfHH$PvMgQ18k/ZlrLtmdYuppHf+zdvME8yuzHPU1zlYWiMk=",
        "last_login": "2019-08-03T07:16:11.121Z",
        "is_superuser": false,
        "username": "customer_1",
        "first_name": "\u042f\u043a\u043e\u0432",
        "last_name": "\u0418\u0433\u043d\u0430\u0442\u044c\u0435\u0432",
        "email": "yakov@yandex.ru",
        "is_staff": false,
        "is_active": true,
        "date_joined": "2019-07-20T15:30:09Z",
        "groups": [],
        "user_permissions": []
    }
},
{
    "model": "auth.user",
    "pk": 5,
    "fields": {
        "password": "pbkdf2_sha256$100000$Vfi6Mn0w1jsB$iFr3TEwBYS4ACi8iTXZGcZqJ5GSiaj25VjCQuQxxNRc=",
        "last_login": null,
        "is_superuser": false,
        "username": "customer_2",
        "first_name": "\u0418\u0433\u043d\u0430\u0442",
        "last_name": "\u042f\u043a\u043e\u0432\u043b\u0435\u0432",
        "email": "ignat@yandex.ru",
        "is_staff": false,
        "is_active": true,
        "date_joined": "2019-07-20T15:32:15Z",
        "groups": [],
        "user_permissions": []
    }
},
{
    "model": "auth.user",
    "pk": 6,
    "fields": {
        "password": "pbkdf2_sha256$150000$xH3P1h5zT14t$9uhfjI1dzSTAddREACuU8nEx23P3H9YxwA5T1jkV97g=",
        "last_login": null,
        "is_superuser": true,
        "username": "admin",
        "first_name": "",
        "last_name": "",
        "email": "a@a.com",
        "is_staff": true,
        "is_active": true,
        "date_joined": "2019-08-03T08:20:04.265Z",
        "groups": [],
        "user_permissions": []
    }
},
{
    "model": "sessions.session",
    "pk": "polo7g1esrjh1mm1z0zspq4j55zgrm4p",
    "fields": {
        "session_data": "YTdkOTIwN2Y3NTQwMWIyZGFlYTI3ZmQ3YzY4ZGVkYTM1YzAyZjAxYjp7Il9hdXRoX3VzZXJfaWQiOiIxIiwiX2F1dGhfdXNlcl9iYWNrZW5kIjoiZGphbmdvLmNvbnRyaWIuYXV0aC5iYWNrZW5kcy5Nb2RlbEJhY2tlbmQiLCJfYXV0aF91c2VyX2hhc2giOiIxZGFiYjEyOTliYWQwZTMyMTk1MDM4YzUzY2Q1MGI0YzQxY2ZiN2I4In0=",
        "expire_date": "2019-08-03T15:06:36.120Z"
    }
},
{
    "model": "articles.article",
    "pk": 1,
    "fields": {
        "title": "9 \u043f\u0440\u0438\u0447\u0438\u043d, \u043f\u043e\u0447\u0435\u043c\u0443 Android-\u0441\u043c\u0430\u0440\u0442\u0444\u043e\u043d\u044b \u0432\u0441\u0451 \u0435\u0449\u0451 \u043b\u0443\u0447\u0448\u0435 iPhone",
        "text": "\u041a\u0430\u043a\u0438\u043c\u0438 \u0431\u044b \u0438\u043d\u043d\u043e\u0432\u0430\u0446\u0438\u043e\u043d\u043d\u044b\u043c\u0438 \u043d\u0438 \u0431\u044b\u043b\u0438 \u0441\u043c\u0430\u0440\u0442\u0444\u043e\u043d\u044b \u043e\u0442 Apple, \u0443\u0441\u0442\u0440\u043e\u0439\u0441\u0442\u0432\u0430 \u043d\u0430 Android \u0432 \u0441\u0440\u0430\u0432\u043d\u0435\u043d\u0438\u0438 \u0441 \u043d\u0438\u043c\u0438 \u0438\u043c\u0435\u044e\u0442 \u043c\u0438\u043d\u0438\u043c\u0443\u043c \u0434\u0435\u0432\u044f\u0442\u044c \u0432\u0430\u0436\u043d\u044b\u0445 \u043f\u0440\u0435\u0438\u043c\u0443\u0449\u0435\u0441\u0442\u0432.\r\n1. \u0411\u043e\u043b\u0435\u0435 \u0448\u0438\u0440\u043e\u043a\u0438\u0439 \u0432\u044b\u0431\u043e\u0440 \u0441\u043c\u0430\u0440\u0442\u0444\u043e\u043d\u043e\u0432\r\nandroid-\u0441\u043c\u0430\u0440\u0442\u0444\u043e\u043d\u044b: \u0448\u0438\u0440\u043e\u043a\u0438\u0439 \u0432\u044b\u0431\u043e\u0440\r\n\r\n\u0412 \u043e\u0444\u0438\u0446\u0438\u0430\u043b\u044c\u043d\u043e\u0439 \u0440\u043e\u0437\u043d\u0438\u0446\u0435 \u043c\u043e\u0436\u043d\u043e \u043d\u0430\u0441\u0447\u0438\u0442\u0430\u0442\u044c \u043b\u0438\u0448\u044c \u043e\u043a\u043e\u043b\u043e \u0434\u0435\u0441\u044f\u0442\u043a\u0430 \u043c\u043e\u0434\u0435\u043b\u0435\u0439 iPhone, \u0434\u0430 \u0438 \u0442\u0435 \u0432\u043d\u0435\u0448\u043d\u0435 \u043c\u0435\u0436\u0434\u0443 \u0441\u043e\u0431\u043e\u0439 \u0434\u043e\u0432\u043e\u043b\u044c\u043d\u043e \u0441\u0438\u043b\u044c\u043d\u043e \u043f\u043e\u0445\u043e\u0436\u0438. \u041c\u043d\u043e\u0433\u043e\u043e\u0431\u0440\u0430\u0437\u0438\u0435 \u0441\u043c\u0430\u0440\u0442\u0444\u043e\u043d\u043e\u0432 \u043d\u0430 Android \u043f\u0440\u0435\u0434\u043e\u0441\u0442\u0430\u0432\u043b\u044f\u0435\u0442 \u043f\u043e\u043a\u0443\u043f\u0430\u0442\u0435\u043b\u044e \u043a\u0443\u0434\u0430 \u0431\u043e\u043b\u0435\u0435 \u0448\u0438\u0440\u043e\u043a\u0438\u0439 \u0432\u044b\u0431\u043e\u0440 \u0443\u0441\u0442\u0440\u043e\u0439\u0441\u0442\u0432 \u0441\u0430\u043c\u043e\u0433\u043e \u0440\u0430\u0437\u043b\u0438\u0447\u043d\u043e\u0433\u043e \u0440\u0430\u0437\u043c\u0435\u0440\u0430 \u043f\u0440\u0430\u043a\u0442\u0438\u0447\u0435\u0441\u043a\u0438 \u0437\u0430 \u043b\u044e\u0431\u044b\u0435 \u0434\u0435\u043d\u044c\u0433\u0438. \u0416\u0435\u043b\u0430\u044e\u0449\u0438\u0435 \u043c\u043e\u0433\u0443\u0442 \u043d\u0430\u0439\u0442\u0438 \u043a\u0430\u043a \u043a\u043e\u043c\u043f\u0430\u043a\u0442\u043d\u044b\u0435 \u0438 \u043d\u0435\u0434\u043e\u0440\u043e\u0433\u0438\u0435 \u043c\u043e\u0434\u0435\u043b\u0438, \u0442\u0430\u043a \u0438 \u0433\u0438\u0433\u0430\u043d\u0442\u0441\u043a\u0438\u0435 \u0444\u043b\u0430\u0433\u043c\u0430\u043d\u044b.\r\n2. \u041d\u0430\u043b\u0438\u0447\u0438\u0435 \u043f\u043e-\u043d\u0430\u0441\u0442\u043e\u044f\u0449\u0435\u043c\u0443 \u0434\u043e\u0441\u0442\u0443\u043f\u043d\u044b\u0445 \u0443\u0441\u0442\u0440\u043e\u0439\u0441\u0442\u0432\r\n\r\n\u0421\u043a\u0443\u0434\u043d\u043e\u0435 \u0440\u0430\u0437\u043d\u043e\u043e\u0431\u0440\u0430\u0437\u0438\u0435 \u0441\u043c\u0430\u0440\u0442\u0444\u043e\u043d\u043e\u0432 Apple \u2014 \u044d\u0442\u043e \u043f\u043e\u043b\u0431\u0435\u0434\u044b. \u041d\u0435 \u043c\u0435\u043d\u0435\u0435 \u0432\u0430\u0436\u0435\u043d \u0444\u0430\u043a\u0442, \u0447\u0442\u043e \u0431\u044e\u0434\u0436\u0435\u0442\u043d\u044b\u0445 iPhone \u043f\u0440\u043e\u0441\u0442\u043e \u043d\u0435\u0442. \u0421\u0430\u043c\u044b\u0439 \u0434\u043e\u0441\u0442\u0443\u043f\u043d\u044b\u0439 \u0438\u0437 \u043d\u0438\u0445 \u0432 \u043e\u0444\u0438\u0446\u0438\u0430\u043b\u044c\u043d\u043e\u0439 \u0440\u043e\u0437\u043d\u0438\u0446\u0435 \u0441\u0435\u0439\u0447\u0430\u0441 \u0441\u0442\u043e\u0438\u0442 19 490 \u0440\u0443\u0431\u043b\u0435\u0439, \u044d\u0442\u043e iPhone SE. \u0414\u043b\u044f \u043c\u043d\u043e\u0433\u0438\u0445 \u0442\u0430\u043a\u0430\u044f \u0441\u0443\u043c\u043c\u0430 \u0447\u0440\u0435\u0437\u043c\u0435\u0440\u043d\u043e \u0432\u044b\u0441\u043e\u043a\u0430, \u0438 \u0438\u043c\u0435\u043d\u043d\u043e \u043f\u043e\u044d\u0442\u043e\u043c\u0443 \u043b\u044e\u0434\u0438 \u043f\u0435\u0440\u0435\u0445\u043e\u0434\u044f\u0442 \u0438\u043b\u0438 \u043f\u043e\u043f\u0440\u043e\u0441\u0442\u0443 \u043e\u0441\u0442\u0430\u044e\u0442\u0441\u044f \u043d\u0430 Android.\r\n3. \u041f\u043e\u0434\u0434\u0435\u0440\u0436\u043a\u0430 \u043a\u0430\u0440\u0442 microSD\r\n\r\nApple \u043f\u043e\u0440\u043e\u0439 \u0445\u043e\u0442\u044c \u0438 \u0443\u0434\u0438\u0432\u043b\u044f\u0435\u0442 \u043d\u043e\u0432\u044b\u043c\u0438 \u0444\u0443\u043d\u043a\u0446\u0438\u044f\u043c\u0438 \u0441\u0432\u043e\u0438\u0445 \u0443\u0441\u0442\u0440\u043e\u0439\u0441\u0442\u0432, \u043d\u043e \u0442\u0430\u043a\u043e\u0439 \u043f\u0440\u043e\u0441\u0442\u043e\u0439 \u0438 \u043d\u0443\u0436\u043d\u043e\u0439 \u043c\u043d\u043e\u0433\u0438\u043c \u043e\u043f\u0446\u0438\u0438, \u043a\u0430\u043a \u0441\u043b\u043e\u0442 \u043f\u043e\u0434 \u043a\u0430\u0440\u0442\u044b \u043f\u0430\u043c\u044f\u0442\u0438, \u0432 iPhone \u0432\u0441\u0451 \u0435\u0449\u0451 \u043d\u0435\u0442. \u0423\u0432\u0435\u043b\u0438\u0447\u0435\u043d\u0438\u0435 \u043e\u0431\u044a\u0451\u043c\u0430 \u0432\u0441\u0442\u0440\u043e\u0435\u043d\u043d\u043e\u0433\u043e \u043d\u0430\u043a\u043e\u043f\u0438\u0442\u0435\u043b\u044f \u0440\u0435\u0448\u0435\u043d\u0438\u0435\u043c \u0441\u0438\u0442\u0443\u0430\u0446\u0438\u0438 \u043d\u0430\u0437\u0432\u0430\u0442\u044c \u043d\u0435\u043b\u044c\u0437\u044f, \u0442\u0430\u043a \u043a\u0430\u043a \u043c\u043e\u0434\u0435\u043b\u0438 \u0441\u043e 128 \u0438\u043b\u0438 256 \u0413\u0411 \u0432\u043d\u0443\u0442\u0440\u0435\u043d\u043d\u0435\u0439 \u043f\u0430\u043c\u044f\u0442\u0438 \u0441\u0442\u043e\u044f\u0442 \u0437\u043d\u0430\u0447\u0438\u0442\u0435\u043b\u044c\u043d\u043e \u0434\u043e\u0440\u043e\u0436\u0435 \u0431\u0430\u0437\u043e\u0432\u044b\u0445 \u0432\u0435\u0440\u0441\u0438\u0439.\r\n4. \u0412\u043e\u0437\u043c\u043e\u0436\u043d\u043e\u0441\u0442\u044c \u0438\u0441\u043f\u043e\u043b\u044c\u0437\u043e\u0432\u0430\u043d\u0438\u044f \u0434\u0432\u0443\u0445 \u0441\u0438\u043c-\u043a\u0430\u0440\u0442\r\n\r\n\u0410\u043d\u0430\u043b\u043e\u0433\u0438\u0447\u043d\u043e \u0438 \u0441 \u043f\u043e\u0434\u0434\u0435\u0440\u0436\u043a\u043e\u0439 \u043d\u0435\u0441\u043a\u043e\u043b\u044c\u043a\u0438\u0445 \u0441\u0438\u043c-\u043a\u0430\u0440\u0442, \u043a\u043e\u0442\u043e\u0440\u043e\u0439 \u0434\u043e \u0441\u0438\u0445 \u043f\u043e\u0440 \u043d\u0435\u0442 \u043d\u0438 \u0432 \u043e\u0434\u043d\u043e\u043c iPhone. \u041f\u0440\u0438 \u0432\u0441\u0451\u043c \u0436\u0435\u043b\u0430\u043d\u0438\u0438 \u043d\u0435 \u043f\u043e\u043b\u0443\u0447\u0438\u0442\u0441\u044f \u0438\u0441\u043f\u043e\u043b\u044c\u0437\u043e\u0432\u0430\u0442\u044c \u0441\u0435\u0442\u044c \u043e\u0434\u043d\u043e\u0433\u043e \u043e\u043f\u0435\u0440\u0430\u0442\u043e\u0440\u0430 \u0434\u043b\u044f \u0437\u0432\u043e\u043d\u043a\u043e\u0432, \u0430 \u0434\u0440\u0443\u0433\u043e\u0433\u043e \u2014 \u0434\u043b\u044f \u043c\u043e\u0431\u0438\u043b\u044c\u043d\u043e\u0433\u043e \u0438\u043d\u0442\u0435\u0440\u043d\u0435\u0442\u0430.\r\n5. \u041d\u0430\u043b\u0438\u0447\u0438\u0435 3,5-\u043c\u0438\u043b\u043b\u0438\u043c\u0435\u0442\u0440\u043e\u0432\u043e\u0433\u043e \u0430\u0443\u0434\u0438\u043e\u0440\u0430\u0437\u044a\u0451\u043c\u0430\r\nandroid-\u0441\u043c\u0430\u0440\u0442\u0444\u043e\u043d\u044b: \u0430\u0443\u0434\u0438\u043e\u0440\u0430\u0437\u044a\u0451\u043c\r\nheise.de\r\n\r\n\u041d\u0430\u0447\u0438\u043d\u0430\u044f \u0441 iPhone 7, \u0432\u0441\u0435 \u0441\u043c\u0430\u0440\u0442\u0444\u043e\u043d\u044b Apple \u043b\u0438\u0448\u0438\u043b\u0438\u0441\u044c \u0441\u0442\u0430\u043d\u0434\u0430\u0440\u0442\u043d\u043e\u0433\u043e \u0430\u0443\u0434\u0438\u043e\u0440\u0430\u0437\u044a\u0451\u043c\u0430, \u043f\u043e\u0437\u0432\u043e\u043b\u044f\u044e\u0449\u0435\u0433\u043e \u043f\u043e\u0434\u043a\u043b\u044e\u0447\u0430\u0442\u044c \u043e\u0431\u044b\u0447\u043d\u044b\u0435 \u043d\u0430\u0443\u0448\u043d\u0438\u043a\u0438 \u0438 \u0433\u0430\u0440\u043d\u0438\u0442\u0443\u0440\u044b. \u041e\u0442\u0447\u0430\u0441\u0442\u0438 \u043f\u0440\u043e\u0431\u043b\u0435\u043c\u0443 \u0440\u0435\u0448\u0430\u0435\u0442 \u043a\u043e\u043c\u043f\u043b\u0435\u043a\u0442\u043d\u044b\u0439 \u043f\u0435\u0440\u0435\u0445\u043e\u0434\u043d\u0438\u043a, \u043d\u043e \u0438\u0441\u043f\u043e\u043b\u044c\u0437\u043e\u0432\u0430\u0442\u044c \u0435\u0433\u043e \u043d\u0435 \u0432\u0441\u0435\u0433\u0434\u0430 \u0443\u0434\u043e\u0431\u043d\u043e. \u0414\u0430 \u0438 \u043b\u0438\u0448\u043d\u0438\u0435 \u0430\u043a\u0441\u0435\u0441\u0441\u0443\u0430\u0440\u044b \u0432 \u043a\u0430\u0440\u043c\u0430\u043d\u0435 \u0432\u0440\u044f\u0434 \u043b\u0438 \u043a\u043e\u0433\u043e-\u0442\u043e \u0440\u0430\u0434\u0443\u044e\u0442.\r\n6. \u0423\u0434\u043e\u0431\u0441\u0442\u0432\u043e \u0441\u043a\u0430\u0447\u0438\u0432\u0430\u043d\u0438\u044f \u0438 \u0438\u0441\u043f\u043e\u043b\u044c\u0437\u043e\u0432\u0430\u043d\u0438\u044f \u043c\u0435\u0434\u0438\u0430\u0444\u0430\u0439\u043b\u043e\u0432\r\n\r\n\u041f\u043e\u043b\u044c\u0437\u043e\u0432\u0430\u0442\u0435\u043b\u0438 Android \u043c\u043e\u0433\u0443\u0442 \u0441\u043a\u0430\u0447\u0438\u0432\u0430\u0442\u044c \u0438 \u0437\u0430\u0433\u0440\u0443\u0436\u0430\u0442\u044c \u0444\u0430\u0439\u043b\u044b \u043f\u0440\u0430\u043a\u0442\u0438\u0447\u0435\u0441\u043a\u0438 \u043b\u044e\u0431\u044b\u0445 \u0444\u043e\u0440\u043c\u0430\u0442\u043e\u0432, \u043f\u0440\u043e\u0441\u0442\u043e \u043a\u043e\u043f\u0438\u0440\u0443\u044f \u0438\u0445 \u0432 \u043f\u0430\u043c\u044f\u0442\u044c \u0443\u0441\u0442\u0440\u043e\u0439\u0441\u0442\u0432\u0430. \u0417\u0430\u043f\u0443\u0441\u043a\u0430\u0442\u044c \u0438\u0445 \u043c\u043e\u0436\u043d\u043e \u0434\u0430\u0436\u0435 \u043d\u0430\u043f\u0440\u044f\u043c\u0443\u044e \u0441 \u0444\u043b\u0435\u0448\u043a\u0438. \u041d\u0430 iOS \u0436\u0435 \u043f\u043e\u0434\u043e\u0431\u043d\u043e\u0439 \u0441\u0432\u043e\u0431\u043e\u0434\u044b \u043d\u0435\u0442. \u0427\u0442\u043e\u0431\u044b \u0441\u043a\u0438\u043d\u0443\u0442\u044c \u043d\u0430 iPhone \u0444\u0438\u043b\u044c\u043c \u0438\u043b\u0438 \u0442\u0440\u0435\u043a, \u043f\u0440\u0438\u0434\u0451\u0442\u0441\u044f \u0432\u043e\u0441\u043f\u043e\u043b\u044c\u0437\u043e\u0432\u0430\u0442\u044c\u0441\u044f iTunes, \u043a\u043e\u0442\u043e\u0440\u044b\u0439 \u0435\u0449\u0451 \u0438 \u043a\u043e\u043d\u0432\u0435\u0440\u0442\u0438\u0440\u043e\u0432\u0430\u043d\u0438\u0435\u043c \u0437\u0430\u0439\u043c\u0451\u0442\u0441\u044f.\r\n7. \u041a\u0430\u0441\u0442\u043e\u043c\u0438\u0437\u0430\u0446\u0438\u044f \u0438\u043d\u0442\u0435\u0440\u0444\u0435\u0439\u0441\u0430\r\nandroid-\u0441\u043c\u0430\u0440\u0442\u0444\u043e\u043d\u044b: \u0438\u043d\u0442\u0435\u0440\u0444\u0435\u0439\u0441\r\nmakemac.com\r\n\r\n\u041f\u043e \u0447\u0430\u0441\u0442\u0438 \u0432\u0438\u0437\u0443\u0430\u043b\u044c\u043d\u043e\u0439 \u043d\u0430\u0441\u0442\u0440\u043e\u0439\u043a\u0438 iOS \u043d\u0438 \u0432 \u043a\u0430\u043a\u043e\u0435 \u0441\u0440\u0430\u0432\u043d\u0435\u043d\u0438\u0435 \u043d\u0435 \u0438\u0434\u0451\u0442 \u0441 Android. \u0421 \u043e\u0431\u043d\u043e\u0432\u043b\u0435\u043d\u0438\u044f\u043c\u0438 \u043f\u0440\u043e\u0433\u0440\u0430\u043c\u043c\u043d\u0430\u044f \u043e\u0431\u043e\u043b\u043e\u0447\u043a\u0430 iPhone \u043e\u0431\u0440\u0435\u0442\u0430\u0435\u0442 \u043b\u0438\u0448\u044c \u043a\u043e\u0441\u043c\u0435\u0442\u0438\u0447\u0435\u0441\u043a\u0438\u0435 \u0438\u0437\u043c\u0435\u043d\u0435\u043d\u0438\u044f, \u0441\u043e\u0445\u0440\u0430\u043d\u044f\u044f \u043e\u0431\u0449\u0438\u0439 \u0441\u0442\u0438\u043b\u044c. \u041f\u043e\u043b\u044c\u0437\u043e\u0432\u0430\u0442\u0435\u043b\u044f\u043c \u043d\u0435 \u043f\u0440\u0435\u0434\u043e\u0441\u0442\u0430\u0432\u043b\u044f\u0435\u0442\u0441\u044f \u0434\u0430\u0436\u0435 \u0442\u0435\u043c \u043e\u0444\u043e\u0440\u043c\u043b\u0435\u043d\u0438\u044f, \u043d\u0435 \u0433\u043e\u0432\u043e\u0440\u044f \u0443\u0436\u0435 \u043f\u0440\u043e \u043f\u043e\u043b\u043d\u043e\u0446\u0435\u043d\u043d\u044b\u0435 \u043b\u0430\u0443\u043d\u0447\u0435\u0440\u044b, \u043f\u043e\u043b\u043d\u043e\u0441\u0442\u044c\u044e \u043c\u0435\u043d\u044f\u044e\u0449\u0438\u0435 \u0438\u043d\u0442\u0435\u0440\u0444\u0435\u0439\u0441. \u0410 \u0432\u0435\u0434\u044c \u043f\u043e\u0440\u043e\u0439 \u0445\u043e\u0447\u0435\u0442\u0441\u044f \u0447\u0435\u0433\u043e-\u0442\u043e \u043d\u043e\u0432\u043e\u0433\u043e, \u043f\u0443\u0441\u0442\u044c \u0438 \u043d\u0430 \u0441\u0442\u0430\u0440\u043e\u043c \u0443\u0441\u0442\u0440\u043e\u0439\u0441\u0442\u0432\u0435.\r\n8. \u041e\u0442\u043a\u0440\u044b\u0442\u043e\u0441\u0442\u044c \u0441\u0438\u0441\u0442\u0435\u043c\u044b\r\n\r\n\u041e\u043f\u0435\u0440\u0430\u0446\u0438\u043e\u043d\u043d\u0430\u044f \u0441\u0438\u0441\u0442\u0435\u043c\u0430 Android \u0432\u0441\u0451 \u0435\u0449\u0451 \u0440\u0430\u0441\u043f\u0440\u043e\u0441\u0442\u0440\u0430\u043d\u044f\u0435\u0442\u0441\u044f \u0441\u043e\u0432\u0435\u0440\u0448\u0435\u043d\u043d\u043e \u0431\u0435\u0441\u043f\u043b\u0430\u0442\u043d\u043e, \u043f\u0443\u0441\u0442\u044c \u0438 \u0431\u0435\u0437 \u0441\u0435\u0440\u0432\u0438\u0441\u043e\u0432 Google. \u041a\u0430\u0436\u0434\u044b\u0439 \u043f\u0440\u043e\u0438\u0437\u0432\u043e\u0434\u0438\u0442\u0435\u043b\u044c \u0432\u043f\u0440\u0430\u0432\u0435 \u0438\u0441\u043f\u043e\u043b\u044c\u0437\u043e\u0432\u0430\u0442\u044c \u0434\u0430\u043d\u043d\u0443\u044e \u043f\u043b\u0430\u0442\u0444\u043e\u0440\u043c\u0443 \u043a\u0430\u043a \u043e\u0441\u043d\u043e\u0432\u0443 \u0434\u043b\u044f \u043f\u0440\u043e\u0433\u0440\u0430\u043c\u043c\u043d\u043e\u0439 \u043e\u0431\u043e\u043b\u043e\u0447\u043a\u0438 \u0441\u0432\u043e\u0438\u0445 \u0443\u0441\u0442\u0440\u043e\u0439\u0441\u0442\u0432. \u041d\u0435\u0440\u0435\u0434\u043a\u043e \u0438\u043c\u0435\u043d\u043d\u043e \u0441\u0442\u043e\u0440\u043e\u043d\u043d\u0438\u0435 \u043a\u043e\u043c\u043f\u0430\u043d\u0438\u0438 \u0441\u0432\u043e\u0438\u043c\u0438 \u0438\u0434\u0435\u044f\u043c\u0438 \u043f\u043e\u0434\u0442\u0430\u043b\u043a\u0438\u0432\u0430\u044e\u0442 Google \u043a \u0432\u043d\u0435\u0434\u0440\u0435\u043d\u0438\u044e \u043f\u043e\u043b\u0435\u0437\u043d\u044b\u0445 \u043e\u043f\u0446\u0438\u0439. iOS \u0436\u0435 \u0434\u043b\u044f \u0432\u0441\u0435\u0445 \u043f\u043e\u0434 \u0437\u0430\u043c\u043a\u043e\u043c, \u0438\u0441\u043f\u043e\u043b\u044c\u0437\u043e\u0432\u0430\u0442\u044c \u0438 \u0440\u0430\u0437\u0432\u0438\u0432\u0430\u0442\u044c \u0435\u0451 \u043c\u043e\u0436\u0435\u0442 \u0442\u043e\u043b\u044c\u043a\u043e Apple.\r\n9. \u0414\u043e\u0441\u0442\u0443\u043f\u043d\u043e\u0441\u0442\u044c \u0430\u043a\u0441\u0435\u0441\u0441\u0443\u0430\u0440\u043e\u0432\r\n\r\n\u0414\u043e\u0440\u043e\u0433\u043e\u0432\u0438\u0437\u043d\u0430 \u043e\u0444\u0438\u0446\u0438\u0430\u043b\u044c\u043d\u044b\u0445 \u0430\u043a\u0441\u0435\u0441\u0441\u0443\u0430\u0440\u043e\u0432 \u0434\u043b\u044f iPhone \u0443\u0436\u0435 \u0441\u0442\u0430\u043b\u0430 \u043f\u0440\u0435\u0434\u043c\u0435\u0442\u043e\u043c \u043c\u043d\u043e\u0436\u0435\u0441\u0442\u0432\u0430 \u0448\u0443\u0442\u043e\u043a, \u0438 \u044d\u0442\u043e \u0432\u043f\u043e\u043b\u043d\u0435 \u043f\u043e\u043d\u044f\u0442\u043d\u043e. \u041f\u0440\u0438\u043e\u0431\u0440\u0435\u0442\u0435\u043d\u0438\u0435 \u0447\u0435\u0445\u043b\u0430 \u0438\u043b\u0438 \u043f\u0435\u0440\u0435\u0445\u043e\u0434\u043d\u0438\u043a\u0430 \u043c\u043e\u0436\u0435\u0442 \u043e\u0431\u0435\u0440\u043d\u0443\u0442\u044c\u0441\u044f \u0432\u043d\u0443\u0448\u0438\u0442\u0435\u043b\u044c\u043d\u044b\u043c\u0438 \u0442\u0440\u0430\u0442\u0430\u043c\u0438. \u041a \u043f\u0440\u0438\u043c\u0435\u0440\u0443, \u043f\u0440\u043e\u0441\u0442\u043e\u0439 \u0441\u0438\u043b\u0438\u043a\u043e\u043d\u043e\u0432\u044b\u0439 \u043a\u0435\u0439\u0441 \u0434\u043b\u044f \u043d\u043e\u0432\u043e\u0433\u043e iPhone X \u043e\u0431\u043e\u0439\u0434\u0451\u0442\u0441\u044f \u0432 3 290 \u0440\u0443\u0431\u043b\u0435\u0439, \u043a\u0430\u0431\u0435\u043b\u044c USB-C/Lightning \u2014 \u0432 1 990 \u0440\u0443\u0431\u043b\u0435\u0439, \u0430 \u0431\u0435\u0441\u043f\u0440\u043e\u0432\u043e\u0434\u043d\u0430\u044f \u0437\u0430\u0440\u044f\u0434\u043a\u0430 \u2014 \u0432 9 190 \u0440\u0443\u0431\u043b\u0435\u0439. \u0412 \u0441\u043b\u0443\u0447\u0430\u0435 \u0441 Android-\u0441\u043c\u0430\u0440\u0442\u0444\u043e\u043d\u0430\u043c\u0438 \u0432\u0441\u0451 \u0433\u043e\u0440\u0430\u0437\u0434\u043e \u0434\u043e\u0441\u0442\u0443\u043f\u043d\u0435\u0435.",
        "author": [
            "author_1"
        ],
        "pub_date": "2019-07-18T19:05:30.935Z",
        "slug": "9-prichin-pochemu-android-smartfonyi-vsyo-eschyo-l",
        "products": [
            2,
            3,
            4
        ]
    }
},
{
    "model": "articles.article",
    "pk": 2,
    "fields": {
        "title": "\u041f\u043e\u0447\u0435\u043c\u0443 \u0432\u0430\u043c \u043d\u0443\u0436\u043d\u043e 64 \u0433\u0431 \u043d\u0430 \u0442\u0435\u043b\u0435\u0444\u043e\u043d\u0435?",
        "text": "- \u041c\u043e\u0436\u043d\u043e \u043e\u0447\u0435\u043d\u044c \u043c\u043d\u043e\u0433\u043e \u0432\u0441\u0435\u0433\u043e \u0437\u0430\u043a\u0430\u0447\u0430\u0442\u044c",
        "author": [
            "author_2"
        ],
        "pub_date": "2019-07-18T19:02:38.760Z",
        "slug": "pochemu-vam-nuzhno-64-gb-na-telefone",
        "products": [
            3,
            4
        ]
    }
},
{
    "model": "shop.category",
    "pk": 1,
    "fields": {
        "name": "\u0413\u0430\u0434\u0436\u0435\u0442\u044b",
        "slug": "gadgets",
        "parent": null
    }
},
{
    "model": "shop.category",
    "pk": 2,
    "fields": {
        "name": "\u041e\u0434\u0435\u0436\u0434\u0430",
        "slug": "clothes",
        "parent": null
    }
},
{
    "model": "shop.category",
    "pk": 3,
    "fields": {
        "name": "\u0421\u043c\u0430\u0440\u0442\u0444\u043e\u043d\u044b",
        "slug": "smartphones",
        "parent": 1
    }
},
{
    "model": "shop.category",
    "pk": 5,
    "fields": {
        "name": "\u0422\u043e\u043b\u0441\u0442\u043e\u0432\u043a\u0438",
        "slug": "hoodies",
        "parent": 2
    }
},
{
    "model": "shop.product",
    "pk": 1,
    "fields": {
        "name": "Iphone 7",
        "price": "35000.00",
        "brand": "Apple",
        "picture": "iphone7_o45R9kT.webp",
        "description": "\u042d\u0422\u041e 7\r\n\r\n\u0412 iPhone 7 \u0432\u0441\u0435 \u0432\u0430\u0436\u043d\u0435\u0439\u0448\u0438\u0435 \u0430\u0441\u043f\u0435\u043a\u0442\u044b iPhone \u0437\u043d\u0430\u0447\u0438\u0442\u0435\u043b\u044c\u043d\u043e \u0443\u043b\u0443\u0447\u0448\u0435\u043d\u044b. \u042d\u0442\u043e \u043f\u0440\u0438\u043d\u0446\u0438\u043f\u0438\u0430\u043b\u044c\u043d\u043e \u043d\u043e\u0432\u0430\u044f \u0441\u0438\u0441\u0442\u0435\u043c\u0430 \u043a\u0430\u043c\u0435\u0440 \u0434\u043b\u044f \u0444\u043e\u0442\u043e \u0438 \u0432\u0438\u0434\u0435\u043e\u0441\u044a\u0435\u043c\u043a\u0438. \u041c\u0430\u043a\u0441\u0438\u043c\u0430\u043b\u044c\u043d\u043e \u043c\u043e\u0449\u043d\u044b\u0439 \u0438 \u044d\u043a\u043e\u043d\u043e\u043c\u0438\u0447\u043d\u044b\u0439 \u0430\u043a\u043a\u0443\u043c\u0443\u043b\u044f\u0442\u043e\u0440. \u0421\u0442\u0435\u0440\u0435\u043e\u0434\u0438\u043d\u0430\u043c\u0438\u043a\u0438 \u0441 \u0431\u043e\u0433\u0430\u0442\u044b\u043c \u0437\u0432\u0443\u0447\u0430\u043d\u0438\u0435\u043c. \u0421\u0430\u043c\u044b\u0439 \u044f\u0440\u043a\u0438\u0439 \u0438 \u0440\u0430\u0437\u043d\u043e\u0446\u0432\u0435\u0442\u043d\u044b\u0439 \u0438\u0437 \u0432\u0441\u0435\u0445 \u0434\u0438\u0441\u043f\u043b\u0435\u0435\u0432 iPhone. \u0417\u0430\u0449\u0438\u0442\u0430 \u043e\u0442 \u0431\u0440\u044b\u0437\u0433 \u0438 \u0432\u043e\u0434\u044b. \u0418 \u0435\u0433\u043e \u0432\u043d\u0435\u0448\u043d\u0438\u0435 \u0434\u0430\u043d\u043d\u044b\u0435 \u0432\u043f\u0435\u0447\u0430\u0442\u043b\u044f\u044e\u0442 \u043d\u0435 \u043c\u0435\u043d\u0435\u0435, \u0447\u0435\u043c \u0432\u043d\u0443\u0442\u0440\u0435\u043d\u043d\u0438\u0435 \u0432\u043e\u0437\u043c\u043e\u0436\u043d\u043e\u0441\u0442\u0438. \u0412\u0441\u0435 \u044d\u0442\u043e iPhone 7.\r\n\r\n\u0414\u0412\u0410 \u0420\u0410\u0417\u041c\u0415\u0420\u0410. \u041f\u042f\u0422\u042c \u0426\u0412\u0415\u0422\u041e\u0412\r\n\r\niPhone 7 \u0438 iPhone 7 Plus \u043f\u0440\u0435\u0434\u0441\u0442\u0430\u0432\u043b\u0435\u043d\u044b \u0432 \u0434\u0432\u0443\u0445 \u043d\u043e\u0432\u044b\u0445 \u0446\u0432\u0435\u0442\u043e\u0432\u044b\u0445 \u0432\u0430\u0440\u0438\u0430\u043d\u0442\u0430\u0445: \u0431\u043b\u0430\u0433\u043e\u0440\u043e\u0434\u043d\u044b\u0439 \u043c\u0430\u0442\u043e\u0432\u044b\u0439 \u0447\u0435\u0440\u043d\u044b\u0439 \u0438 \u0440\u043e\u0441\u043a\u043e\u0448\u043d\u044b\u0439 \u0433\u043b\u0443\u0431\u043e\u043a\u0438\u0439 \u0433\u043b\u044f\u043d\u0446\u0435\u0432\u044b\u0439 \"\u0447\u0435\u0440\u043d\u044b\u0439 \u043e\u043d\u0438\u043a\u0441\". \u041e\u0431\u0435 \u043c\u043e\u0434\u0435\u043b\u0438 \u2014 4,7 \u0438 5,5 \u0434\u044e\u0439\u043c\u0430 \u2014 \u0441\u0434\u0435\u043b\u0430\u043d\u044b \u0438\u0437 \u043d\u0435\u0432\u0435\u0440\u043e\u044f\u0442\u043d\u043e \u043f\u0440\u043e\u0447\u043d\u043e\u0433\u043e \u0430\u043b\u044e\u043c\u0438\u043d\u0438\u044f \u0441\u0435\u0440\u0438\u0438 7000 \u0438 \u0434\u043e\u0441\u0442\u0443\u043f\u043d\u044b \u0442\u0430\u043a\u0436\u0435 \u0432 \u0444\u0438\u0440\u043c\u0435\u043d\u043d\u044b\u0445 \u0446\u0432\u0435\u0442\u0430\u0445 \"\u0440\u043e\u0437\u043e\u0432\u043e\u0435 \u0437\u043e\u043b\u043e\u0442\u043e\", \u0441\u0435\u0440\u0435\u0431\u0440\u0438\u0441\u0442\u044b\u0439 \u0438 \u0437\u043e\u043b\u043e\u0442\u043e\u0439.",
        "slug": "iphone-7",
        "category": [
            3
        ],
        "reviews": []
    }
},
{
    "model": "shop.product",
    "pk": 2,
    "fields": {
        "name": "Nexus 5x",
        "price": "30000.00",
        "brand": "LG",
        "picture": "nexus5x.webp",
        "description": "\u0422\u041b\u0418\u0427\u041d\u042b\u0415 \u0421\u041d\u0418\u041c\u041a\u0418 \u0414\u0410\u0416\u0415 \u041f\u0420\u0418 \u041f\u041b\u041e\u0425\u041e\u041c \u041e\u0421\u0412\u0415\u0429\u0415\u041d\u0418\u0418\r\n\r\n\u042d\u0442\u043e \u043b\u0443\u0447\u0448\u0430\u044f \u043f\u0430\u043d\u043e\u0440\u0430\u043c\u043d\u0430\u044f \u043a\u0430\u043c\u0435\u0440\u0430 \u0438\u0437 \u0432\u0441\u0435\u0445, \u043a\u043e\u0442\u043e\u0440\u044b\u0435 \u043a\u043e\u0433\u0434\u0430-\u043b\u0438\u0431\u043e \u0443\u0441\u0442\u0430\u043d\u0430\u0432\u043b\u0438\u0432\u0430\u043b\u0438\u0441\u044c \u043d\u0430 \u0443\u0441\u0442\u0440\u043e\u0439\u0441\u0442\u0432\u0430 Nexus. \u0415\u0435 \u0432\u043e\u0437\u043c\u043e\u0436\u043d\u043e\u0441\u0442\u0438 \u043f\u043e-\u043d\u0430\u0441\u0442\u043e\u044f\u0449\u0435\u043c\u0443 \u0440\u0430\u0441\u043a\u0440\u044b\u0432\u0430\u044e\u0442\u0441\u044f \u043f\u0440\u0438 \u043f\u043b\u043e\u0445\u043e\u043c \u043e\u0441\u0432\u0435\u0449\u0435\u043d\u0438\u0438. \u0411\u043b\u0430\u0433\u043e\u0434\u0430\u0440\u044f \u0443\u0432\u0435\u043b\u0438\u0447\u0435\u043d\u043d\u044b\u043c \u043f\u0438\u043a\u0441\u0435\u043b\u044f\u043c \u0440\u0430\u0437\u043c\u0435\u0440\u043e\u043c 1,55 \u043c\u043a\u043c \u043a\u0430\u043c\u0435\u0440\u0430 \u0437\u0430\u0445\u0432\u0430\u0442\u044b\u0432\u0430\u0435\u0442 \u0431\u043e\u043b\u044c\u0448\u0435 \u0441\u0432\u0435\u0442\u0430 \u0438 \u0434\u0435\u043b\u0430\u0435\u0442 \u044f\u0440\u043a\u0438\u0435 \u0447\u0435\u0442\u043a\u0438\u0435 \u0444\u043e\u0442\u043e\u0433\u0440\u0430\u0444\u0438\u0438 \u0434\u0430\u0436\u0435 \u043f\u0440\u0438 \u043d\u043e\u0447\u043d\u043e\u0439 \u0441\u044a\u0435\u043c\u043a\u0435. \u041f\u0440\u0438\u043b\u043e\u0436\u0435\u043d\u0438\u0435 \"Google \u041a\u0430\u043c\u0435\u0440\u0430\" \u043f\u043e\u043c\u043e\u0433\u0430\u0435\u0442 \u043c\u0433\u043d\u043e\u0432\u0435\u043d\u043d\u043e \u0437\u0430\u043f\u0435\u0447\u0430\u0442\u043b\u0435\u0442\u044c \u0432\u0430\u0436\u043d\u044b\u0435 \u0438 \u0438\u043d\u0442\u0435\u0440\u0435\u0441\u043d\u044b\u0435 \u043c\u043e\u043c\u0435\u043d\u0442\u044b, \u0430 Google \u0424\u043e\u0442\u043e \u043f\u043e\u0437\u0432\u043e\u043b\u044f\u0435\u0442 \u0445\u0440\u0430\u043d\u0438\u0442\u044c \u0432\u0441\u0435 \u0441\u043d\u0438\u043c\u043a\u0438 \u043f\u043e\u0434 \u0440\u0443\u043a\u043e\u0439.\r\n\r\n\u0412\u0421\u0415 \u0424\u041e\u0422\u041e \u041f\u041e\u0414 \u0420\u0423\u041a\u041e\u0419\r\n\r\nGoogle Photos \u2013 \u044d\u0442\u043e \u0432\u043e\u0437\u043c\u043e\u0436\u043d\u043e\u0441\u0442\u044c \u0431\u0435\u0441\u043f\u043b\u0430\u0442\u043d\u043e \u0445\u0440\u0430\u043d\u0438\u0442\u044c \u043d\u0435\u043e\u0433\u0440\u0430\u043d\u0438\u0447\u0435\u043d\u043d\u044b\u0439 \u043e\u0431\u044a\u0435\u043c \u0444\u043e\u0442\u043e \u0438 \u0432\u0438\u0434\u0435\u043e \u0438 \u0438\u043c\u0435\u0442\u044c \u043a \u043d\u0438\u043c \u043c\u0433\u043d\u043e\u0432\u0435\u043d\u043d\u044b\u0439 \u0434\u043e\u0441\u0442\u0443\u043f. \u0411\u043b\u0430\u0433\u043e\u0434\u0430\u0440\u044f \u0430\u0432\u0442\u043e\u043c\u0430\u0442\u0438\u0447\u0435\u0441\u043a\u043e\u0439 \u043e\u0440\u0433\u0430\u043d\u0438\u0437\u0430\u0446\u0438\u0438 \u0434\u0430\u043d\u043d\u044b\u0445 \u0438 \u0441\u0438\u0441\u0442\u0435\u043c\u0435 \u043f\u043e\u0438\u0441\u043a\u0430 \u043f\u043e \u043b\u0438\u0446\u0430\u043c, \u043c\u0435\u0441\u0442\u0430\u043c \u0438 \u0434\u0440\u0443\u0433\u0438\u043c \u0443\u0434\u043e\u0431\u043d\u044b\u043c \u043f\u0430\u0440\u0430\u043c\u0435\u0442\u0440\u0430\u043c, \u0432\u044b \u0431\u044b\u0441\u0442\u0440\u043e \u043d\u0430\u0445\u043e\u0434\u0438\u0442\u0435 \u043d\u0443\u0436\u043d\u044b\u0435 \u043c\u0430\u0442\u0435\u0440\u0438\u0430\u043b\u044b \u0438 \u043b\u0435\u0433\u043a\u043e \u0434\u0435\u043b\u0438\u0442\u0435\u0441\u044c \u0438\u043c\u0438.",
        "slug": "nexus-5x",
        "category": [
            3
        ],
        "reviews": []
    }
},
{
    "model": "shop.product",
    "pk": 3,
    "fields": {
        "name": "Pixel 2",
        "price": "31000.00",
        "brand": "Google",
        "picture": "pixel2.webp",
        "description": "Google Pixel 2 \u2013 \u043d\u0435\u0431\u043e\u043b\u044c\u0448\u043e\u0439 \u0430\u043f\u043f\u0430\u0440\u0430\u0442 \u0441 \u0442\u043e\u043f\u043e\u0432\u044b\u043c\u0438 \u0445\u0430\u0440\u0430\u043a\u0442\u0435\u0440\u0438\u0441\u0442\u0438\u043a\u0430\u043c\u0438, \u043d\u0430 \u044d\u0442\u0430\u043b\u043e\u043d\u043d\u043e\u043c Android \u0432 \u0430\u043b\u044e\u043c\u0438\u043d\u0438\u0435\u0432\u043e\u043c \u043a\u043e\u0440\u043f\u0443\u0441\u0435 \u0438 \u0437\u0430\u0449\u0438\u0442\u043e\u0439 \u043f\u043e \u0441\u0442\u0430\u043d\u0434\u0430\u0440\u0442\u0443 IP67 . \u041c\u043e\u0449\u043d\u044b\u0439 \u043f\u0440\u043e\u0446\u0435\u0441\u0441\u043e\u0440 Qualcomm Snapdragon 835, \u043a\u043e\u043d\u0442\u0440\u0430\u0441\u0442\u043d\u044b\u0439 \u0438 \u0441\u043e\u0447\u043d\u044b\u0439 5-\u0438 \u0434\u044e\u0439\u043c\u043e\u0432\u044b\u0439 \u044d\u043a\u0440\u0430\u043d AMOLED \u0441 \u0440\u0430\u0437\u0440\u0435\u0448\u0435\u043d\u0438\u0435\u043c 1080 x 1920 \u0442\u043e\u0447\u0435\u043a, \u0431\u0430\u0442\u0430\u0440\u0435\u044f \u043d\u0430 2700 \u043c\u0410\u0447 \u0441 \u0444\u0443\u043d\u043a\u0446\u0438\u0435\u0439 \u0431\u044b\u0441\u0442\u0440\u043e\u0439 \u0437\u0430\u0440\u044f\u0434\u043a\u0438 \u043e\u0442\u0432\u0435\u0447\u0430\u044e\u0442 \u0437\u0430 \u0445\u043e\u0440\u043e\u0448\u0443\u044e \u0430\u0432\u0442\u043e\u043d\u043e\u043c\u043d\u043e\u0441\u0442\u044c \u0443\u0441\u0442\u0440\u043e\u0439\u0441\u0442\u0432\u0430. \u041a\u0430\u043c\u0435\u0440\u0430 \u043d\u0430 12.3\u041c\u041f \u0441 \u043b\u0430\u0437\u0435\u0440\u043d\u044b\u043c \u0438 \u0444\u0430\u0437\u043e\u0432\u044b\u043c \u0430\u0432\u0442\u043e\u0444\u043e\u043a\u0443\u0441\u043e\u043c \u043f\u043e \u043f\u0440\u0430\u0432\u0443 \u0441\u0447\u0438\u0442\u0430\u0435\u0442\u0441\u044f \u043e\u0434\u043d\u043e\u0439 \u0438\u0437 \u043b\u0443\u0447\u0448\u0438\u0445 \u043d\u0430 \u0440\u044b\u043d\u043a\u0435.",
        "slug": "pixel-2",
        "category": [
            3
        ],
        "reviews": []
    }
},
{
    "model": "shop.product",
    "pk": 4,
    "fields": {
        "name": "Galaxy 8",
        "price": "45000.00",
        "brand": "Samsung",
        "picture": "samsungs8.webp",
        "description": "\u0411\u0435\u0437\u0433\u0440\u0430\u043d\u0438\u0447\u043d\u044b\u0439 \u044d\u043a\u0440\u0430\u043d\r\n\r\n\u041c\u044b \u043f\u0435\u0440\u0435\u043e\u0441\u043c\u044b\u0441\u043b\u0438\u043b\u0438 \u043a\u0430\u0436\u0434\u0443\u044e \u0434\u0435\u0442\u0430\u043b\u044c \u0440\u0430\u0434\u0438 \u0441\u043e\u0437\u0434\u0430\u043d\u0438\u044f \u044d\u043a\u0440\u0430\u043d\u0430, \u0441\u0432\u043e\u0431\u043e\u0434\u043d\u043e\u0433\u043e \u043e\u0442 \u0440\u0430\u043c\u043e\u043a, \u0447\u0442\u043e\u0431\u044b \u0412\u044b \u0441\u043c\u043e\u0433\u043b\u0438 \u043d\u0430\u0441\u043b\u0430\u0434\u0438\u0442\u044c\u0441\u044f \u044d\u0444\u0444\u0435\u043a\u0442\u043e\u043c \u043f\u043e\u043b\u043d\u043e\u0433\u043e \u043f\u043e\u0433\u0440\u0443\u0436\u0435\u043d\u0438\u044f. \u0421\u043c\u0430\u0440\u0442\u0444\u043e\u043d\u044b \u043f\u0440\u043e\u0441\u0442\u043e \u0441\u043e\u0437\u0434\u0430\u043d\u044b \u0434\u043b\u044f \u043f\u0440\u043e\u0441\u043c\u043e\u0442\u0440\u0430 \u043a\u0440\u0430\u0441\u043e\u0447\u043d\u044b\u0445 \u0444\u043e\u0442\u043e\u0433\u0440\u0430\u0444\u0438\u0439, \u0448\u0438\u0440\u043e\u043a\u043e\u0444\u043e\u0440\u043c\u0430\u0442\u043d\u044b\u0445 \u0432\u0438\u0434\u0435\u043e \u0438 \u0437\u0430\u0445\u0432\u0430\u0442\u044b\u0432\u0430\u044e\u0449\u0438\u0445 \u0438\u0433\u0440.",
        "slug": "galaxy-8",
        "category": [
            3
        ],
        "reviews": []
    }
},
{
    "model": "shop.product",
    "pk": 5,
    "fields": {
        "name": "\u0422\u043e\u043b\u0441\u0442\u043e\u0432\u043a\u0430",
        "price": "800.00",
        "brand": "Uniqlo",
        "picture": "69_414343_large.jpg",
        "description": "\u041c\u0423\u0416\u0421\u041a\u0410\u042f \u0422\u041e\u041b\u0421\u0422\u041e\u0412\u041a\u0410, \u0414\u041b\u0418\u041d\u041d\u042b\u0419 \u0420\u0423\u041a\u0410\u0412, Hokusai Blue",
        "slug": "tolstovka",
        "category": [
            5
        ],
        "reviews": []
    }
},
{
    "model": "customer.customer",
    "pk": 1,
    "fields": {
        "user": [
            "customer_1"
        ]
    }
},
{
    "model": "customer.customer",
    "pk": 2,
    "fields": {
        "user": [
            "customer_2"
        ]
    }
},
{
    "model": "customer.order",
    "pk": 1,
    "fields": {
        "date": "2019-07-24T18:58:13.390Z",
        "customer": 2
    }
},
{
    "model": "customer.order",
    "pk": 2,
    "fields": {
        "date": "2019-07-24T19:22:37.804Z",
        "customer": 2
    }
},
{
    "model": "customer.order",
    "pk": 3,
    "fields": {
        "date": "2019-07-25T20:50:49.231Z",
        "customer": 1
    }
},
{
    "model": "customer.order",
    "pk": 4,
    "fields": {
        "date": "2019-07-25T20:51:56.906Z",
        "customer": 1
    }
},
{
    "model": "customer.order",
    "pk": 5,
    "fields": {
        "date": "2019-07-28T13:22:51.810Z",
        "customer": 1
    }
},
{
    "model": "customer.order",
    "pk": 6,
    "fields": {
        "date": "2019-08-03T07:16:16.676Z",
        "customer": 1
    }
},
{
    "model": "customer.order",
    "pk": 7,
    "fields": {
        "date": "2019-08-03T07:16:38.919Z",
        "customer": 1
    }
},
{
    "model": "customer.productcustomer",
    "pk": 1,
    "fields": {
        "product": 2,
        "order": 1,
        "qty": 1
    }
},
{
    "model": "customer.productcustomer",
    "pk": 2,
    "fields": {
        "product": 5,
        "order": 1,
        "qty": 1
    }
},
{
    "model": "customer.productcustomer",
    "pk": 3,
    "fields": {
        "product": 4,
        "order": 2,
        "qty": 2
    }
},
{
    "model": "customer.productcustomer",
    "pk": 4,
    "fields": {
        "product": 1,
        "order": 3,
        "qty": 1
    }
},
{
    "model": "customer.productcustomer",
    "pk": 5,
    "fields": {
        "product": 5,
        "order": 3,
        "qty": 1
    }
},
{
    "model": "customer.productcustomer",
    "pk": 6,
    "fields": {
        "product": 4,
        "order": 3,
        "qty": 2
    }
},
{
    "model": "customer.productcustomer",
    "pk": 7,
    "fields": {
        "product": 2,
        "order": 3,
        "qty": 1
    }
},
{
    "model": "customer.productcustomer",
    "pk": 8,
    "fields": {
        "product": 2,
        "order": 4,
        "qty": 2
    }
},
{
    "model": "customer.productcustomer",
    "pk": 9,
    "fields": {
        "product": 4,
        "order": 5,
        "qty": 1
    }
},
{
    "model": "customer.productcustomer",
    "pk": 10,
    "fields": {
        "product": 5,
        "order": 6,
        "qty": 1
    }
},
{
    "model": "customer.productcustomer",
    "pk": 11,
    "fields": {
        "product": 1,
        "order": 6,
        "qty": 1
    }
},
{
    "model": "customer.productcustomer",
    "pk": 12,
    "fields": {
        "product": 2,
        "order": 6,
        "qty": 1
    }
},
{
    "model": "customer.productcustomer",
    "pk": 13,
    "fields": {
        "product": 3,
        "order": 7,
        "qty": 1
    }
}
]
